DATAFLOW,REF_AREA:Geographic area,INDICATOR:Indicator,SEX:Sex,TIME_PERIOD:Time period,OBS_VALUE:Observation Value,UNIT_MULTIPLIER:Unit multiplier,UNIT_MEASURE:Unit of measure,OBS_STATUS:Observation Status,OBS_CONF:Observation confidentaility,LOWER_BOUND:Lower Bound,UPPER_BOUND:Upper Bound,WGTD_SAMPL_SIZE:Weighted Sample Size,OBS_FOOTNOTE:Observation footnote,SERIES_FOOTNOTE:Series footnote,DATA_SOURCE:Data Source,SOURCE_LINK:Citation of or link to the data source,CUSTODIAN:Custodian,TIME_PERIOD_METHOD:Time period activity related to when the data are collected,REF_PERIOD:Reference Period,COVERAGE_TIME:The period of time for which data are provided,AGE:Current age
UNICEF:GLOBAL_DATAFLOW(1.0): Cross-sector indicators,ALB: Albania,PV_CHLD_DPRV-AVG-HS: Average number of deprivations suffered per child. Homogeneous moderate standards,F: Female,2017,0.36545419692993164,,PCNT: %,,,,,,,,DHS VII,,,,,,_T: Total
UNICEF:GLOBAL_DATAFLOW(1.0): Cross-sector indicators,ALB: Albania,PV_CHLD_DPRV-AVG-HS: Average number of deprivations suffered per child. Homogeneous moderate standards,M: Male,2017,0.357278972864151,,PCNT: %,,,,,,,,DHS VII,,,,,,_T: Total
UNICEF:GLOBAL_DATAFLOW(1.0): Cross-sector indicators,ALB: Albania,PV_CHLD_DPRV-AVG-HS: Average number of deprivations suffered per child. Homogeneous moderate standards,_T: Total,2017,0.3613143563270569,,PCNT: %,,,,,,,,DHS VII,,,,,,_T: Total
UNICEF:GLOBAL_DATAFLOW(1.0): Cross-sector indicators,DZA: Algeria,PV_CHLD_DPRV-AVG-HS: Average number of deprivations suffered per child. Homogeneous moderate standards,F: Female,2012,0.7043861150741577,,PCNT: %,,,,,,,,MICS 4,,,,,,_T: Total
UNICEF:GLOBAL_DATAFLOW(1.0): Cross-sector indicators,DZA: Algeria,PV_CHLD_DPRV-AVG-HS: Average number of deprivations suffered per child. Homogeneous moderate standards,M: Male,2012,0.729536771774292,,PCNT: %,,,,,,,,MICS 4,,,,,,_T: Total
UNICEF:GLOBAL_DATAFLOW(1.0): Cross-sector indicators,DZA: Algeria,PV_CHLD_DPRV-AVG-HS: Average number of deprivations suffered per child. Homogeneous moderate standards,_T: Total,2012,0.7172759175300598,,PCNT: %,,,,,,,,MICS 4,,,,,,_T: Total
UNICEF:GLOBAL_DATAFLOW(1.0): Cross-sector indicators,AGO: Angola,PV_CHLD_DPRV-AVG-HS: Average number of deprivations suffered per child. Homogeneous moderate standards,F: Female,2015,1.5369106531143188,,PCNT: %,,,,,,,,DHS-VII,,,,,,_T: Total
UNICEF:GLOBAL_DATAFLOW(1.0): Cross-sector indicators,AGO: Angola,PV_CHLD_DPRV-AVG-HS: Average number of deprivations suffered per child. Homogeneous moderate standards,M: Male,2015,1.5285283327102661,,PCNT: %,,,,,,,,DHS-VII,,,,,,_T: Total
UNICEF:GLOBAL_DATAFLOW(1.0): Cross-sector indicators,AGO: Angola,PV_CHLD_DPRV-AVG-HS: Average number of deprivations suffered per child. Homogeneous moderate standards,_T: Total,2015,1.5327517986297607,,PCNT: %,,,,,,,,DHS-VII,,,,,,_T: Total
UNICEF:GLOBAL_DATAFLOW(1.0): Cross-sector indicators,ARM: Armenia,PV_CHLD_DPRV-AVG-HS: Average number of deprivations suffered per child. Homogeneous moderate standards,F: Female,2015,0.46733060479164124,,PCNT: %,,,,,,,,DHS VII,,,,,,_T: Total
UNICEF:GLOBAL_DATAFLOW(1.0): Cross-sector indicators,ARM: Armenia,PV_CHLD_DPRV-AVG-HS: Average number of deprivations suffered per child. Homogeneous moderate standards,M: Male,2015,0.5016341805458069,,PCNT: %,,,,,,,,DHS VII,,,,,,_T: Total
UNICEF:GLOBAL_DATAFLOW(1.0): Cross-sector indicators,ARM: Armenia,PV_CHLD_DPRV-AVG-HS: Average number of deprivations suffered per child. Homogeneous moderate standards,_T: Total,2015,0.4856131970882416,,PCNT: %,,,,,,,,DHS VII,,,,,,_T: Total
UNICEF:GLOBAL_DATAFLOW(1.0): Cross-sector indicators,BGD: Bangladesh,PV_CHLD_DPRV-AVG-HS: Average number of deprivations suffered per child. Homogeneous moderate standards,F: Female,2014,1.0369502305984497,,PCNT: %,,,,,,,,DHS VII,,,,,,_T: Total
UNICEF:GLOBAL_DATAFLOW(1.0): Cross-sector indicators,BGD: Bangladesh,PV_CHLD_DPRV-AVG-HS: Average number of deprivations suffered per child. Homogeneous moderate standards,M: Male,2014,1.0377779006958008,,PCNT: %,,,,,,,,DHS VII,,,,,,_T: Total
UNICEF:GLOBAL_DATAFLOW(1.0): Cross-sector indicators,BGD: Bangladesh,PV_CHLD_DPRV-AVG-HS: Average number of deprivations suffered per child. Homogeneous moderate standards,_T: Total,2014,1.0373640060424805,,PCNT: %,,,,,,,,DHS VII,,,,,,_T: Total
UNICEF:GLOBAL_DATAFLOW(1.0): Cross-sector indicators,BLZ: Belize,PV_CHLD_DPRV-AVG-HS: Average number of deprivations suffered per child. Homogeneous moderate standards,F: Female,2015,0.6407572627067566,,PCNT: %,,,,,,,,MICS5,,,,,,_T: Total
UNICEF:GLOBAL_DATAFLOW(1.0): Cross-sector indicators,BLZ: Belize,PV_CHLD_DPRV-AVG-HS: Average number of deprivations suffered per child. Homogeneous moderate standards,M: Male,2015,0.6503289341926575,,PCNT: %,,,,,,,,MICS5,,,,,,_T: Total
UNICEF:GLOBAL_DATAFLOW(1.0): Cross-sector indicators,BLZ: Belize,PV_CHLD_DPRV-AVG-HS: Average number of deprivations suffered per child. Homogeneous moderate standards,_T: Total,2015,0.645681619644165,,PCNT: %,,,,,,,,MICS5,,,,,,_T: Total
UNICEF:GLOBAL_DATAFLOW(1.0): Cross-sector indicators,BEN: Benin,PV_CHLD_DPRV-AVG-HS: Average number of deprivations suffered per child. Homogeneous moderate standards,F: Female,2017,1.9562084674835205,,PCNT: %,,,,,,,,DHS VII,,,,,,_T: Total
UNICEF:GLOBAL_DATAFLOW(1.0): Cross-sector indicators,BEN: Benin,PV_CHLD_DPRV-AVG-HS: Average number of deprivations suffered per child. Homogeneous moderate standards,M: Male,2017,1.9221160411834717,,PCNT: %,,,,,,,,DHS VII,,,,,,_T: Total
UNICEF:GLOBAL_DATAFLOW(1.0): Cross-sector indicators,BEN: Benin,PV_CHLD_DPRV-AVG-HS: Average number of deprivations suffered per child. Homogeneous moderate standards,_T: Total,2017,1.9389163255691528,,PCNT: %,,,,,,,,DHS VII,,,,,,_T: Total
UNICEF:GLOBAL_DATAFLOW(1.0): Cross-sector indicators,BDI: Burundi,PV_CHLD_DPRV-AVG-HS: Average number of deprivations suffered per child. Homogeneous moderate standards,F: Female,2016,1.39661705493927,,PCNT: %,,,,,,,,DHS VII,,,,,,_T: Total
UNICEF:GLOBAL_DATAFLOW(1.0): Cross-sector indicators,BDI: Burundi,PV_CHLD_DPRV-AVG-HS: Average number of deprivations suffered per child. Homogeneous moderate standards,M: Male,2016,1.3989592790603638,,PCNT: %,,,,,,,,DHS VII,,,,,,_T: Total
UNICEF:GLOBAL_DATAFLOW(1.0): Cross-sector indicators,BDI: Burundi,PV_CHLD_DPRV-AVG-HS: Average number of deprivations suffered per child. Homogeneous moderate standards,_T: Total,2016,1.3977781534194946,,PCNT: %,,,,,,,,DHS VII,,,,,,_T: Total
UNICEF:GLOBAL_DATAFLOW(1.0): Cross-sector indicators,KHM: Cambodia,PV_CHLD_DPRV-AVG-HS: Average number of deprivations suffered per child. Homogeneous moderate standards,F: Female,2014,1.7985267639160156,,PCNT: %,,,,,,,,DHSVII,,,,,,_T: Total
UNICEF:GLOBAL_DATAFLOW(1.0): Cross-sector indicators,KHM: Cambodia,PV_CHLD_DPRV-AVG-HS: Average number of deprivations suffered per child. Homogeneous moderate standards,M: Male,2014,1.8215115070343018,,PCNT: %,,,,,,,,DHSVII,,,,,,_T: Total
UNICEF:GLOBAL_DATAFLOW(1.0): Cross-sector indicators,KHM: Cambodia,PV_CHLD_DPRV-AVG-HS: Average number of deprivations suffered per child. Homogeneous moderate standards,_T: Total,2014,1.8102028369903564,,PCNT: %,,,,,,,,DHSVII,,,,,,_T: Total
UNICEF:GLOBAL_DATAFLOW(1.0): Cross-sector indicators,CMR: Cameroon,PV_CHLD_DPRV-AVG-HS: Average number of deprivations suffered per child. Homogeneous moderate standards,F: Female,2018,1.3985657691955566,,PCNT: %,,,,,,,,DHS-VII,,,,,,_T: Total
UNICEF:GLOBAL_DATAFLOW(1.0): Cross-sector indicators,CMR: Cameroon,PV_CHLD_DPRV-AVG-HS: Average number of deprivations suffered per child. Homogeneous moderate standards,M: Male,2018,1.3970903158187866,,PCNT: %,,,,,,,,DHS-VII,,,,,,_T: Total
UNICEF:GLOBAL_DATAFLOW(1.0): Cross-sector indicators,CMR: Cameroon,PV_CHLD_DPRV-AVG-HS: Average number of deprivations suffered per child. Homogeneous moderate standards,_T: Total,2018,1.3978253602981567,,PCNT: %,,,,,,,,DHS-VII,,,,,,_T: Total
UNICEF:GLOBAL_DATAFLOW(1.0): Cross-sector indicators,TCD: Chad,PV_CHLD_DPRV-AVG-HS: Average number of deprivations suffered per child. Homogeneous moderate standards,F: Female,2014,2.41135311126709,,PCNT: %,,,,,,,,DHS-VII,,,,,,_T: Total
UNICEF:GLOBAL_DATAFLOW(1.0): Cross-sector indicators,TCD: Chad,PV_CHLD_DPRV-AVG-HS: Average number of deprivations suffered per child. Homogeneous moderate standards,M: Male,2014,2.3626961708068848,,PCNT: %,,,,,,,,DHS-VII,,,,,,_T: Total
UNICEF:GLOBAL_DATAFLOW(1.0): Cross-sector indicators,TCD: Chad,PV_CHLD_DPRV-AVG-HS: Average number of deprivations suffered per child. Homogeneous moderate standards,_T: Total,2014,2.3865363597869873,,PCNT: %,,,,,,,,DHS-VII,,,,,,_T: Total
UNICEF:GLOBAL_DATAFLOW(1.0): Cross-sector indicators,COM: Comoros,PV_CHLD_DPRV-AVG-HS: Average number of deprivations suffered per child. Homogeneous moderate standards,F: Female,2012,1.4705160856246948,,PCNT: %,,,,,,,,DHS-VI,,,,,,_T: Total
UNICEF:GLOBAL_DATAFLOW(1.0): Cross-sector indicators,COM: Comoros,PV_CHLD_DPRV-AVG-HS: Average number of deprivations suffered per child. Homogeneous moderate standards,M: Male,2012,1.5139175653457642,,PCNT: %,,,,,,,,DHS-VI,,,,,,_T: Total
UNICEF:GLOBAL_DATAFLOW(1.0): Cross-sector indicators,COM: Comoros,PV_CHLD_DPRV-AVG-HS: Average number of deprivations suffered per child. Homogeneous moderate standards,_T: Total,2012,1.4925062656402588,,PCNT: %,,,,,,,,DHS-VI,,,,,,_T: Total
UNICEF:GLOBAL_DATAFLOW(1.0): Cross-sector indicators,COG: Congo,PV_CHLD_DPRV-AVG-HS: Average number of deprivations suffered per child. Homogeneous moderate standards,F: Female,2012,1.6361247301101685,,PCNT: %,,,,,,,,DHS-VI,,,,,,_T: Total
UNICEF:GLOBAL_DATAFLOW(1.0): Cross-sector indicators,COG: Congo,PV_CHLD_DPRV-AVG-HS: Average number of deprivations suffered per child. Homogeneous moderate standards,M: Male,2012,1.616341471672058,,PCNT: %,,,,,,,,DHS-VI,,,,,,_T: Total
UNICEF:GLOBAL_DATAFLOW(1.0): Cross-sector indicators,COG: Congo,PV_CHLD_DPRV-AVG-HS: Average number of deprivations suffered per child. Homogeneous moderate standards,_T: Total,2012,1.626268982887268,,PCNT: %,,,,,,,,DHS-VI,,,,,,_T: Total
UNICEF:GLOBAL_DATAFLOW(1.0): Cross-sector indicators,CRI: Costa Rica,PV_CHLD_DPRV-AVG-HS: Average number of deprivations suffered per child. Homogeneous moderate standards,F: Female,2018,0.2579571008682251,,PCNT: %,,,,,,,,MICS 6,,,,,,_T: Total
UNICEF:GLOBAL_DATAFLOW(1.0): Cross-sector indicators,CRI: Costa Rica,PV_CHLD_DPRV-AVG-HS: Average number of deprivations suffered per child. Homogeneous moderate standards,M: Male,2018,0.24633169174194336,,PCNT: %,,,,,,,,MICS 6,,,,,,_T: Total
UNICEF:GLOBAL_DATAFLOW(1.0): Cross-sector indicators,CRI: Costa Rica,PV_CHLD_DPRV-AVG-HS: Average number of deprivations suffered per child. Homogeneous moderate standards,_T: Total,2018,0.25197818875312805,,PCNT: %,,,,,,,,MICS 6,,,,,,_T: Total
UNICEF:GLOBAL_DATAFLOW(1.0): Cross-sector indicators,CIV: Côte d'Ivoire,PV_CHLD_DPRV-AVG-HS: Average number of deprivations suffered per child. Homogeneous moderate standards,F: Female,2011,1.5741620063781738,,PCNT: %,,,,,,,,DHS VI,,,,,,_T: Total
UNICEF:GLOBAL_DATAFLOW(1.0): Cross-sector indicators,CIV: Côte d'Ivoire,PV_CHLD_DPRV-AVG-HS: Average number of deprivations suffered per child. Homogeneous moderate standards,M: Male,2011,1.5500239133834839,,PCNT: %,,,,,,,,DHS VI,,,,,,_T: Total
UNICEF:GLOBAL_DATAFLOW(1.0): Cross-sector indicators,CIV: Côte d'Ivoire,PV_CHLD_DPRV-AVG-HS: Average number of deprivations suffered per child. Homogeneous moderate standards,_T: Total,2011,1.5619127750396729,,PCNT: %,,,,,,,,DHS VI,,,,,,_T: Total
UNICEF:GLOBAL_DATAFLOW(1.0): Cross-sector indicators,COD: Democratic Republic of the Congo,PV_CHLD_DPRV-AVG-HS: Average number of deprivations suffered per child. Homogeneous moderate standards,F: Female,2013,1.9655523300170898,,PCNT: %,,,,,,,,DHS VI,,,,,,_T: Total
UNICEF:GLOBAL_DATAFLOW(1.0): Cross-sector indicators,COD: Democratic Republic of the Congo,PV_CHLD_DPRV-AVG-HS: Average number of deprivations suffered per child. Homogeneous moderate standards,M: Male,2013,1.931496024131775,,PCNT: %,,,,,,,,DHS VI,,,,,,_T: Total
UNICEF:GLOBAL_DATAFLOW(1.0): Cross-sector indicators,COD: Democratic Republic of the Congo,PV_CHLD_DPRV-AVG-HS: Average number of deprivations suffered per child. Homogeneous moderate standards,_T: Total,2013,1.9485538005828857,,PCNT: %,,,,,,,,DHS VI,,,,,,_T: Total
UNICEF:GLOBAL_DATAFLOW(1.0): Cross-sector indicators,DOM: Dominican Republic,PV_CHLD_DPRV-AVG-HS: Average number of deprivations suffered per child. Homogeneous moderate standards,F: Female,2013,0.469813734292984,,PCNT: %,,,,,,,,DHS-VI,,,,,,_T: Total
UNICEF:GLOBAL_DATAFLOW(1.0): Cross-sector indicators,DOM: Dominican Republic,PV_CHLD_DPRV-AVG-HS: Average number of deprivations suffered per child. Homogeneous moderate standards,M: Male,2013,0.5165084600448608,,PCNT: %,,,,,,,,DHS-VI,,,,,,_T: Total
UNICEF:GLOBAL_DATAFLOW(1.0): Cross-sector indicators,DOM: Dominican Republic,PV_CHLD_DPRV-AVG-HS: Average number of deprivations suffered per child. Homogeneous moderate standards,_T: Total,2013,0.4931831359863281,,PCNT: %,,,,,,,,DHS-VI,,,,,,_T: Total
UNICEF:GLOBAL_DATAFLOW(1.0): Cross-sector indicators,EGY: Egypt,PV_CHLD_DPRV-AVG-HS: Average number of deprivations suffered per child. Homogeneous moderate standards,F: Female,2014,0.5861598253250122,,PCNT: %,,,,,,,,DHS VI,,,,,,_T: Total
UNICEF:GLOBAL_DATAFLOW(1.0): Cross-sector indicators,EGY: Egypt,PV_CHLD_DPRV-AVG-HS: Average number of deprivations suffered per child. Homogeneous moderate standards,M: Male,2014,0.5643660426139832,,PCNT: %,,,,,,,,DHS VI,,,,,,_T: Total
UNICEF:GLOBAL_DATAFLOW(1.0): Cross-sector indicators,EGY: Egypt,PV_CHLD_DPRV-AVG-HS: Average number of deprivations suffered per child. Homogeneous moderate standards,_T: Total,2014,0.5748456120491028,,PCNT: %,,,,,,,,DHS VI,,,,,,_T: Total
UNICEF:GLOBAL_DATAFLOW(1.0): Cross-sector indicators,SLV: El Salvador,PV_CHLD_DPRV-AVG-HS: Average number of deprivations suffered per child. Homogeneous moderate standards,F: Female,2014,0.6935101747512817,,PCNT: %,,,,,,,,MICS5,,,,,,_T: Total
UNICEF:GLOBAL_DATAFLOW(1.0): Cross-sector indicators,SLV: El Salvador,PV_CHLD_DPRV-AVG-HS: Average number of deprivations suffered per child. Homogeneous moderate standards,M: Male,2014,0.686742901802063,,PCNT: %,,,,,,,,MICS5,,,,,,_T: Total
UNICEF:GLOBAL_DATAFLOW(1.0): Cross-sector indicators,SLV: El Salvador,PV_CHLD_DPRV-AVG-HS: Average number of deprivations suffered per child. Homogeneous moderate standards,_T: Total,2014,0.6900317072868347,,PCNT: %,,,,,,,,MICS5,,,,,,_T: Total
UNICEF:GLOBAL_DATAFLOW(1.0): Cross-sector indicators,SWZ: Eswatini,PV_CHLD_DPRV-AVG-HS: Average number of deprivations suffered per child. Homogeneous moderate standards,F: Female,2014,1.079267978668213,,PCNT: %,,,,,,,,MICS5,,,,,,_T: Total
UNICEF:GLOBAL_DATAFLOW(1.0): Cross-sector indicators,SWZ: Eswatini,PV_CHLD_DPRV-AVG-HS: Average number of deprivations suffered per child. Homogeneous moderate standards,M: Male,2014,1.130323052406311,,PCNT: %,,,,,,,,MICS5,,,,,,_T: Total
UNICEF:GLOBAL_DATAFLOW(1.0): Cross-sector indicators,SWZ: Eswatini,PV_CHLD_DPRV-AVG-HS: Average number of deprivations suffered per child. Homogeneous moderate standards,_T: Total,2014,1.1049597263336182,,PCNT: %,,,,,,,,MICS5,,,,,,_T: Total
UNICEF:GLOBAL_DATAFLOW(1.0): Cross-sector indicators,ETH: Ethiopia,PV_CHLD_DPRV-AVG-HS: Average number of deprivations suffered per child. Homogeneous moderate standards,F: Female,2016,2.5622756481170654,,PCNT: %,,,,,,,,DHS-VII,,,,,,_T: Total
UNICEF:GLOBAL_DATAFLOW(1.0): Cross-sector indicators,ETH: Ethiopia,PV_CHLD_DPRV-AVG-HS: Average number of deprivations suffered per child. Homogeneous moderate standards,M: Male,2016,2.5743346214294434,,PCNT: %,,,,,,,,DHS-VII,,,,,,_T: Total
UNICEF:GLOBAL_DATAFLOW(1.0): Cross-sector indicators,ETH: Ethiopia,PV_CHLD_DPRV-AVG-HS: Average number of deprivations suffered per child. Homogeneous moderate standards,_T: Total,2016,2.56847882270813,,PCNT: %,,,,,,,,DHS-VII,,,,,,_T: Total
UNICEF:GLOBAL_DATAFLOW(1.0): Cross-sector indicators,GAB: Gabon,PV_CHLD_DPRV-AVG-HS: Average number of deprivations suffered per child. Homogeneous moderate standards,F: Female,2012,1.0910791158676147,,PCNT: %,,,,,,,,DHS-VI,,,,,,_T: Total
UNICEF:GLOBAL_DATAFLOW(1.0): Cross-sector indicators,GAB: Gabon,PV_CHLD_DPRV-AVG-HS: Average number of deprivations suffered per child. Homogeneous moderate standards,M: Male,2012,1.1001428365707397,,PCNT: %,,,,,,,,DHS-VI,,,,,,_T: Total
UNICEF:GLOBAL_DATAFLOW(1.0): Cross-sector indicators,GAB: Gabon,PV_CHLD_DPRV-AVG-HS: Average number of deprivations suffered per child. Homogeneous moderate standards,_T: Total,2012,1.0955067873001099,,PCNT: %,,,,,,,,DHS-VI,,,,,,_T: Total
UNICEF:GLOBAL_DATAFLOW(1.0): Cross-sector indicators,GMB: Gambia,PV_CHLD_DPRV-AVG-HS: Average number of deprivations suffered per child. Homogeneous moderate standards,F: Female,2018,1.022674322128296,,PCNT: %,,,,,,,,MICS 6,,,,,,_T: Total
UNICEF:GLOBAL_DATAFLOW(1.0): Cross-sector indicators,GMB: Gambia,PV_CHLD_DPRV-AVG-HS: Average number of deprivations suffered per child. Homogeneous moderate standards,M: Male,2018,1.0791735649108887,,PCNT: %,,,,,,,,MICS 6,,,,,,_T: Total
UNICEF:GLOBAL_DATAFLOW(1.0): Cross-sector indicators,GMB: Gambia,PV_CHLD_DPRV-AVG-HS: Average number of deprivations suffered per child. Homogeneous moderate standards,_T: Total,2018,1.0504792928695679,,PCNT: %,,,,,,,,MICS 6,,,,,,_T: Total
UNICEF:GLOBAL_DATAFLOW(1.0): Cross-sector indicators,GHA: Ghana,PV_CHLD_DPRV-AVG-HS: Average number of deprivations suffered per child. Homogeneous moderate standards,F: Female,2014,1.2681318521499634,,PCNT: %,,,,,,,,DHS-VII,,,,,,_T: Total
UNICEF:GLOBAL_DATAFLOW(1.0): Cross-sector indicators,GHA: Ghana,PV_CHLD_DPRV-AVG-HS: Average number of deprivations suffered per child. Homogeneous moderate standards,M: Male,2014,1.2983880043029785,,PCNT: %,,,,,,,,DHS-VII,,,,,,_T: Total
UNICEF:GLOBAL_DATAFLOW(1.0): Cross-sector indicators,GHA: Ghana,PV_CHLD_DPRV-AVG-HS: Average number of deprivations suffered per child. Homogeneous moderate standards,_T: Total,2014,1.2835496664047241,,PCNT: %,,,,,,,,DHS-VII,,,,,,_T: Total
UNICEF:GLOBAL_DATAFLOW(1.0): Cross-sector indicators,GTM: Guatemala,PV_CHLD_DPRV-AVG-HS: Average number of deprivations suffered per child. Homogeneous moderate standards,F: Female,2014,1.4939744472503662,,PCNT: %,,,,,,,,DHS VII,,,,,,_T: Total
UNICEF:GLOBAL_DATAFLOW(1.0): Cross-sector indicators,GTM: Guatemala,PV_CHLD_DPRV-AVG-HS: Average number of deprivations suffered per child. Homogeneous moderate standards,M: Male,2014,1.4436700344085693,,PCNT: %,,,,,,,,DHS VII,,,,,,_T: Total
UNICEF:GLOBAL_DATAFLOW(1.0): Cross-sector indicators,GTM: Guatemala,PV_CHLD_DPRV-AVG-HS: Average number of deprivations suffered per child. Homogeneous moderate standards,_T: Total,2014,1.4685596227645874,,PCNT: %,,,,,,,,DHS VII,,,,,,_T: Total
UNICEF:GLOBAL_DATAFLOW(1.0): Cross-sector indicators,GIN: Guinea,PV_CHLD_DPRV-AVG-HS: Average number of deprivations suffered per child. Homogeneous moderate standards,F: Female,2018,1.5289181470870972,,PCNT: %,,,,,,,,DHS VII,,,,,,_T: Total
UNICEF:GLOBAL_DATAFLOW(1.0): Cross-sector indicators,GIN: Guinea,PV_CHLD_DPRV-AVG-HS: Average number of deprivations suffered per child. Homogeneous moderate standards,M: Male,2018,1.512880802154541,,PCNT: %,,,,,,,,DHS VII,,,,,,_T: Total
UNICEF:GLOBAL_DATAFLOW(1.0): Cross-sector indicators,GIN: Guinea,PV_CHLD_DPRV-AVG-HS: Average number of deprivations suffered per child. Homogeneous moderate standards,_T: Total,2018,1.5208840370178223,,PCNT: %,,,,,,,,DHS VII,,,,,,_T: Total
UNICEF:GLOBAL_DATAFLOW(1.0): Cross-sector indicators,GNB: Guinea-Bissau,PV_CHLD_DPRV-AVG-HS: Average number of deprivations suffered per child. Homogeneous moderate standards,F: Female,2014,1.7704546451568604,,PCNT: %,,,,,,,,MICS5,,,,,,_T: Total
UNICEF:GLOBAL_DATAFLOW(1.0): Cross-sector indicators,GNB: Guinea-Bissau,PV_CHLD_DPRV-AVG-HS: Average number of deprivations suffered per child. Homogeneous moderate standards,M: Male,2014,1.7589491605758667,,PCNT: %,,,,,,,,MICS5,,,,,,_T: Total
UNICEF:GLOBAL_DATAFLOW(1.0): Cross-sector indicators,GNB: Guinea-Bissau,PV_CHLD_DPRV-AVG-HS: Average number of deprivations suffered per child. Homogeneous moderate standards,_T: Total,2014,1.7645857334136963,,PCNT: %,,,,,,,,MICS5,,,,,,_T: Total
UNICEF:GLOBAL_DATAFLOW(1.0): Cross-sector indicators,GUY: Guyana,PV_CHLD_DPRV-AVG-HS: Average number of deprivations suffered per child. Homogeneous moderate standards,F: Female,2014,0.5644722580909729,,PCNT: %,,,,,,,,MICS5,,,,,,_T: Total
UNICEF:GLOBAL_DATAFLOW(1.0): Cross-sector indicators,GUY: Guyana,PV_CHLD_DPRV-AVG-HS: Average number of deprivations suffered per child. Homogeneous moderate standards,M: Male,2014,0.5682036876678467,,PCNT: %,,,,,,,,MICS5,,,,,,_T: Total
UNICEF:GLOBAL_DATAFLOW(1.0): Cross-sector indicators,GUY: Guyana,PV_CHLD_DPRV-AVG-HS: Average number of deprivations suffered per child. Homogeneous moderate standards,_T: Total,2014,0.5663534998893738,,PCNT: %,,,,,,,,MICS5,,,,,,_T: Total
UNICEF:GLOBAL_DATAFLOW(1.0): Cross-sector indicators,HTI: Haiti,PV_CHLD_DPRV-AVG-HS: Average number of deprivations suffered per child. Homogeneous moderate standards,F: Female,2016,1.5412079095840454,,PCNT: %,,,,,,,,DHS VII,,,,,,_T: Total
UNICEF:GLOBAL_DATAFLOW(1.0): Cross-sector indicators,HTI: Haiti,PV_CHLD_DPRV-AVG-HS: Average number of deprivations suffered per child. Homogeneous moderate standards,M: Male,2016,1.6063734292984009,,PCNT: %,,,,,,,,DHS VII,,,,,,_T: Total
UNICEF:GLOBAL_DATAFLOW(1.0): Cross-sector indicators,HTI: Haiti,PV_CHLD_DPRV-AVG-HS: Average number of deprivations suffered per child. Homogeneous moderate standards,_T: Total,2016,1.574397087097168,,PCNT: %,,,,,,,,DHS VII,,,,,,_T: Total
UNICEF:GLOBAL_DATAFLOW(1.0): Cross-sector indicators,HND: Honduras,PV_CHLD_DPRV-AVG-HS: Average number of deprivations suffered per child. Homogeneous moderate standards,F: Female,2011,1.0084197521209717,,PCNT: %,,,,,,,,DHS-VI,,,,,,_T: Total
UNICEF:GLOBAL_DATAFLOW(1.0): Cross-sector indicators,HND: Honduras,PV_CHLD_DPRV-AVG-HS: Average number of deprivations suffered per child. Homogeneous moderate standards,M: Male,2011,1.0433241128921509,,PCNT: %,,,,,,,,DHS-VI,,,,,,_T: Total
UNICEF:GLOBAL_DATAFLOW(1.0): Cross-sector indicators,HND: Honduras,PV_CHLD_DPRV-AVG-HS: Average number of deprivations suffered per child. Homogeneous moderate standards,_T: Total,2011,1.0264499187469482,,PCNT: %,,,,,,,,DHS-VI,,,,,,_T: Total
UNICEF:GLOBAL_DATAFLOW(1.0): Cross-sector indicators,IND: India,PV_CHLD_DPRV-AVG-HS: Average number of deprivations suffered per child. Homogeneous moderate standards,F: Female,2015,1.4413365125656128,,PCNT: %,,,,,,,,DHS-VII,,,,,,_T: Total
UNICEF:GLOBAL_DATAFLOW(1.0): Cross-sector indicators,IND: India,PV_CHLD_DPRV-AVG-HS: Average number of deprivations suffered per child. Homogeneous moderate standards,M: Male,2015,1.4003384113311768,,PCNT: %,,,,,,,,DHS-VII,,,,,,_T: Total
UNICEF:GLOBAL_DATAFLOW(1.0): Cross-sector indicators,IND: India,PV_CHLD_DPRV-AVG-HS: Average number of deprivations suffered per child. Homogeneous moderate standards,_T: Total,2015,1.4200836420059204,,PCNT: %,,,,,,,,DHS-VII,,,,,,_T: Total
UNICEF:GLOBAL_DATAFLOW(1.0): Cross-sector indicators,IRQ: Iraq,PV_CHLD_DPRV-AVG-HS: Average number of deprivations suffered per child. Homogeneous moderate standards,F: Female,2018,0.8837565183639526,,PCNT: %,,,,,,,,MICS6,,,,,,_T: Total
UNICEF:GLOBAL_DATAFLOW(1.0): Cross-sector indicators,IRQ: Iraq,PV_CHLD_DPRV-AVG-HS: Average number of deprivations suffered per child. Homogeneous moderate standards,M: Male,2018,0.815127968788147,,PCNT: %,,,,,,,,MICS6,,,,,,_T: Total
UNICEF:GLOBAL_DATAFLOW(1.0): Cross-sector indicators,IRQ: Iraq,PV_CHLD_DPRV-AVG-HS: Average number of deprivations suffered per child. Homogeneous moderate standards,_T: Total,2018,0.8483930230140686,,PCNT: %,,,,,,,,MICS6,,,,,,_T: Total
UNICEF:GLOBAL_DATAFLOW(1.0): Cross-sector indicators,KEN: Kenya,PV_CHLD_DPRV-AVG-HS: Average number of deprivations suffered per child. Homogeneous moderate standards,F: Female,2014,1.724452257156372,,PCNT: %,,,,,,,,DHS-VII,,,,,,_T: Total
UNICEF:GLOBAL_DATAFLOW(1.0): Cross-sector indicators,KEN: Kenya,PV_CHLD_DPRV-AVG-HS: Average number of deprivations suffered per child. Homogeneous moderate standards,M: Male,2014,1.7501333951950073,,PCNT: %,,,,,,,,DHS-VII,,,,,,_T: Total
UNICEF:GLOBAL_DATAFLOW(1.0): Cross-sector indicators,KEN: Kenya,PV_CHLD_DPRV-AVG-HS: Average number of deprivations suffered per child. Homogeneous moderate standards,_T: Total,2014,1.7373769283294678,,PCNT: %,,,,,,,,DHS-VII,,,,,,_T: Total
UNICEF:GLOBAL_DATAFLOW(1.0): Cross-sector indicators,KIR: Kiribati,PV_CHLD_DPRV-AVG-HS: Average number of deprivations suffered per child. Homogeneous moderate standards,F: Female,2018,1.4084593057632446,,PCNT: %,,,,,,,,MICS6,,,,,,_T: Total
UNICEF:GLOBAL_DATAFLOW(1.0): Cross-sector indicators,KIR: Kiribati,PV_CHLD_DPRV-AVG-HS: Average number of deprivations suffered per child. Homogeneous moderate standards,M: Male,2018,1.4396107196807861,,PCNT: %,,,,,,,,MICS6,,,,,,_T: Total
UNICEF:GLOBAL_DATAFLOW(1.0): Cross-sector indicators,KIR: Kiribati,PV_CHLD_DPRV-AVG-HS: Average number of deprivations suffered per child. Homogeneous moderate standards,_T: Total,2018,1.424580693244934,,PCNT: %,,,,,,,,MICS6,,,,,,_T: Total
UNICEF:GLOBAL_DATAFLOW(1.0): Cross-sector indicators,KGZ: Kyrgyzstan,PV_CHLD_DPRV-AVG-HS: Average number of deprivations suffered per child. Homogeneous moderate standards,F: Female,2018,0.5374734997749329,,PCNT: %,,,,,,,,MICS6,,,,,,_T: Total
UNICEF:GLOBAL_DATAFLOW(1.0): Cross-sector indicators,KGZ: Kyrgyzstan,PV_CHLD_DPRV-AVG-HS: Average number of deprivations suffered per child. Homogeneous moderate standards,M: Male,2018,0.5313366651535034,,PCNT: %,,,,,,,,MICS6,,,,,,_T: Total
UNICEF:GLOBAL_DATAFLOW(1.0): Cross-sector indicators,KGZ: Kyrgyzstan,PV_CHLD_DPRV-AVG-HS: Average number of deprivations suffered per child. Homogeneous moderate standards,_T: Total,2018,0.5343056917190552,,PCNT: %,,,,,,,,MICS6,,,,,,_T: Total
UNICEF:GLOBAL_DATAFLOW(1.0): Cross-sector indicators,LAO: Lao People's Democratic Republic,PV_CHLD_DPRV-AVG-HS: Average number of deprivations suffered per child. Homogeneous moderate standards,F: Female,2017,1.3556585311889648,,PCNT: %,,,,,,,,MICS6,,,,,,_T: Total
UNICEF:GLOBAL_DATAFLOW(1.0): Cross-sector indicators,LAO: Lao People's Democratic Republic,PV_CHLD_DPRV-AVG-HS: Average number of deprivations suffered per child. Homogeneous moderate standards,M: Male,2017,1.3513942956924438,,PCNT: %,,,,,,,,MICS6,,,,,,_T: Total
UNICEF:GLOBAL_DATAFLOW(1.0): Cross-sector indicators,LAO: Lao People's Democratic Republic,PV_CHLD_DPRV-AVG-HS: Average number of deprivations suffered per child. Homogeneous moderate standards,_T: Total,2017,1.3534824848175049,,PCNT: %,,,,,,,,MICS6,,,,,,_T: Total
UNICEF:GLOBAL_DATAFLOW(1.0): Cross-sector indicators,LSO: Lesotho,PV_CHLD_DPRV-AVG-HS: Average number of deprivations suffered per child. Homogeneous moderate standards,F: Female,2014,1.2969871759414673,,PCNT: %,,,,,,,,DHS VII,,,,,,_T: Total
UNICEF:GLOBAL_DATAFLOW(1.0): Cross-sector indicators,LSO: Lesotho,PV_CHLD_DPRV-AVG-HS: Average number of deprivations suffered per child. Homogeneous moderate standards,M: Male,2014,1.3658299446105957,,PCNT: %,,,,,,,,DHS VII,,,,,,_T: Total
UNICEF:GLOBAL_DATAFLOW(1.0): Cross-sector indicators,LSO: Lesotho,PV_CHLD_DPRV-AVG-HS: Average number of deprivations suffered per child. Homogeneous moderate standards,_T: Total,2014,1.3311978578567505,,PCNT: %,,,,,,,,DHS VII,,,,,,_T: Total
UNICEF:GLOBAL_DATAFLOW(1.0): Cross-sector indicators,LBR: Liberia,PV_CHLD_DPRV-AVG-HS: Average number of deprivations suffered per child. Homogeneous moderate standards,F: Female,2013,1.6667585372924805,,PCNT: %,,,,,,,,DHS VI,,,,,,_T: Total
UNICEF:GLOBAL_DATAFLOW(1.0): Cross-sector indicators,LBR: Liberia,PV_CHLD_DPRV-AVG-HS: Average number of deprivations suffered per child. Homogeneous moderate standards,M: Male,2013,1.6906540393829346,,PCNT: %,,,,,,,,DHS VI,,,,,,_T: Total
UNICEF:GLOBAL_DATAFLOW(1.0): Cross-sector indicators,LBR: Liberia,PV_CHLD_DPRV-AVG-HS: Average number of deprivations suffered per child. Homogeneous moderate standards,_T: Total,2013,1.6789731979370117,,PCNT: %,,,,,,,,DHS VI,,,,,,_T: Total
UNICEF:GLOBAL_DATAFLOW(1.0): Cross-sector indicators,MDG: Madagascar,PV_CHLD_DPRV-AVG-HS: Average number of deprivations suffered per child. Homogeneous moderate standards,F: Female,2018,2.353670835494995,,PCNT: %,,,,,,,,MICS6,,,,,,_T: Total
UNICEF:GLOBAL_DATAFLOW(1.0): Cross-sector indicators,MDG: Madagascar,PV_CHLD_DPRV-AVG-HS: Average number of deprivations suffered per child. Homogeneous moderate standards,M: Male,2018,2.381664752960205,,PCNT: %,,,,,,,,MICS6,,,,,,_T: Total
UNICEF:GLOBAL_DATAFLOW(1.0): Cross-sector indicators,MDG: Madagascar,PV_CHLD_DPRV-AVG-HS: Average number of deprivations suffered per child. Homogeneous moderate standards,_T: Total,2018,2.36787748336792,,PCNT: %,,,,,,,,MICS6,,,,,,_T: Total
UNICEF:GLOBAL_DATAFLOW(1.0): Cross-sector indicators,MWI: Malawi,PV_CHLD_DPRV-AVG-HS: Average number of deprivations suffered per child. Homogeneous moderate standards,F: Female,2015,1.02820885181427,,PCNT: %,,,,,,,,DHS VII,,,,,,_T: Total
UNICEF:GLOBAL_DATAFLOW(1.0): Cross-sector indicators,MWI: Malawi,PV_CHLD_DPRV-AVG-HS: Average number of deprivations suffered per child. Homogeneous moderate standards,M: Male,2015,1.0384292602539062,,PCNT: %,,,,,,,,DHS VII,,,,,,_T: Total
UNICEF:GLOBAL_DATAFLOW(1.0): Cross-sector indicators,MWI: Malawi,PV_CHLD_DPRV-AVG-HS: Average number of deprivations suffered per child. Homogeneous moderate standards,_T: Total,2015,1.0333162546157837,,PCNT: %,,,,,,,,DHS VII,,,,,,_T: Total
UNICEF:GLOBAL_DATAFLOW(1.0): Cross-sector indicators,MDV: Maldives,PV_CHLD_DPRV-AVG-HS: Average number of deprivations suffered per child. Homogeneous moderate standards,F: Female,2016,0.4285513460636139,,PCNT: %,,,,,,,,DHS-VII,,,,,,_T: Total
UNICEF:GLOBAL_DATAFLOW(1.0): Cross-sector indicators,MDV: Maldives,PV_CHLD_DPRV-AVG-HS: Average number of deprivations suffered per child. Homogeneous moderate standards,M: Male,2016,0.41705045104026794,,PCNT: %,,,,,,,,DHS-VII,,,,,,_T: Total
UNICEF:GLOBAL_DATAFLOW(1.0): Cross-sector indicators,MDV: Maldives,PV_CHLD_DPRV-AVG-HS: Average number of deprivations suffered per child. Homogeneous moderate standards,_T: Total,2016,0.42261162400245667,,PCNT: %,,,,,,,,DHS-VII,,,,,,_T: Total
UNICEF:GLOBAL_DATAFLOW(1.0): Cross-sector indicators,MLI: Mali,PV_CHLD_DPRV-AVG-HS: Average number of deprivations suffered per child. Homogeneous moderate standards,F: Female,2018,1.6313035488128662,,PCNT: %,,,,,,,,DHS VII,,,,,,_T: Total
UNICEF:GLOBAL_DATAFLOW(1.0): Cross-sector indicators,MLI: Mali,PV_CHLD_DPRV-AVG-HS: Average number of deprivations suffered per child. Homogeneous moderate standards,M: Male,2018,1.6356871128082275,,PCNT: %,,,,,,,,DHS VII,,,,,,_T: Total
UNICEF:GLOBAL_DATAFLOW(1.0): Cross-sector indicators,MLI: Mali,PV_CHLD_DPRV-AVG-HS: Average number of deprivations suffered per child. Homogeneous moderate standards,_T: Total,2018,1.633528232574463,,PCNT: %,,,,,,,,DHS VII,,,,,,_T: Total
UNICEF:GLOBAL_DATAFLOW(1.0): Cross-sector indicators,MRT: Mauritania,PV_CHLD_DPRV-AVG-HS: Average number of deprivations suffered per child. Homogeneous moderate standards,F: Female,2015,1.8139337301254272,,PCNT: %,,,,,,,,MICS5,,,,,,_T: Total
UNICEF:GLOBAL_DATAFLOW(1.0): Cross-sector indicators,MRT: Mauritania,PV_CHLD_DPRV-AVG-HS: Average number of deprivations suffered per child. Homogeneous moderate standards,M: Male,2015,1.8154703378677368,,PCNT: %,,,,,,,,MICS5,,,,,,_T: Total
UNICEF:GLOBAL_DATAFLOW(1.0): Cross-sector indicators,MRT: Mauritania,PV_CHLD_DPRV-AVG-HS: Average number of deprivations suffered per child. Homogeneous moderate standards,_T: Total,2015,1.814692735671997,,PCNT: %,,,,,,,,MICS5,,,,,,_T: Total
UNICEF:GLOBAL_DATAFLOW(1.0): Cross-sector indicators,MEX: Mexico,PV_CHLD_DPRV-AVG-HS: Average number of deprivations suffered per child. Homogeneous moderate standards,F: Female,2015,0.5625764727592468,,PCNT: %,,,,,,,,MICS 5,,,,,,_T: Total
UNICEF:GLOBAL_DATAFLOW(1.0): Cross-sector indicators,MEX: Mexico,PV_CHLD_DPRV-AVG-HS: Average number of deprivations suffered per child. Homogeneous moderate standards,M: Male,2015,0.5551767349243164,,PCNT: %,,,,,,,,MICS 5,,,,,,_T: Total
UNICEF:GLOBAL_DATAFLOW(1.0): Cross-sector indicators,MEX: Mexico,PV_CHLD_DPRV-AVG-HS: Average number of deprivations suffered per child. Homogeneous moderate standards,_T: Total,2015,0.5588834881782532,,PCNT: %,,,,,,,,MICS 5,,,,,,_T: Total
UNICEF:GLOBAL_DATAFLOW(1.0): Cross-sector indicators,MNG: Mongolia,PV_CHLD_DPRV-AVG-HS: Average number of deprivations suffered per child. Homogeneous moderate standards,F: Female,2018,0.7877467274665833,,PCNT: %,,,,,,,,MICS 6,,,,,,_T: Total
UNICEF:GLOBAL_DATAFLOW(1.0): Cross-sector indicators,MNG: Mongolia,PV_CHLD_DPRV-AVG-HS: Average number of deprivations suffered per child. Homogeneous moderate standards,M: Male,2018,0.790177583694458,,PCNT: %,,,,,,,,MICS 6,,,,,,_T: Total
UNICEF:GLOBAL_DATAFLOW(1.0): Cross-sector indicators,MNG: Mongolia,PV_CHLD_DPRV-AVG-HS: Average number of deprivations suffered per child. Homogeneous moderate standards,_T: Total,2018,0.7889975905418396,,PCNT: %,,,,,,,,MICS 6,,,,,,_T: Total
UNICEF:GLOBAL_DATAFLOW(1.0): Cross-sector indicators,MOZ: Mozambique,PV_CHLD_DPRV-AVG-HS: Average number of deprivations suffered per child. Homogeneous moderate standards,F: Female,2011,2.090181589126587,,PCNT: %,,,,,,,,DHS-VI,,,,,,_T: Total
UNICEF:GLOBAL_DATAFLOW(1.0): Cross-sector indicators,MOZ: Mozambique,PV_CHLD_DPRV-AVG-HS: Average number of deprivations suffered per child. Homogeneous moderate standards,M: Male,2011,2.0998029708862305,,PCNT: %,,,,,,,,DHS-VI,,,,,,_T: Total
UNICEF:GLOBAL_DATAFLOW(1.0): Cross-sector indicators,MOZ: Mozambique,PV_CHLD_DPRV-AVG-HS: Average number of deprivations suffered per child. Homogeneous moderate standards,_T: Total,2011,2.0949313640594482,,PCNT: %,,,,,,,,DHS-VI,,,,,,_T: Total
UNICEF:GLOBAL_DATAFLOW(1.0): Cross-sector indicators,MMR: Myanmar,PV_CHLD_DPRV-AVG-HS: Average number of deprivations suffered per child. Homogeneous moderate standards,F: Female,2015,1.5653163194656372,,PCNT: %,,,,,,,,DHS VII,,,,,,_T: Total
UNICEF:GLOBAL_DATAFLOW(1.0): Cross-sector indicators,MMR: Myanmar,PV_CHLD_DPRV-AVG-HS: Average number of deprivations suffered per child. Homogeneous moderate standards,M: Male,2015,1.5912492275238037,,PCNT: %,,,,,,,,DHS VII,,,,,,_T: Total
UNICEF:GLOBAL_DATAFLOW(1.0): Cross-sector indicators,MMR: Myanmar,PV_CHLD_DPRV-AVG-HS: Average number of deprivations suffered per child. Homogeneous moderate standards,_T: Total,2015,1.5784770250320435,,PCNT: %,,,,,,,,DHS VII,,,,,,_T: Total
UNICEF:GLOBAL_DATAFLOW(1.0): Cross-sector indicators,NAM: Namibia,PV_CHLD_DPRV-AVG-HS: Average number of deprivations suffered per child. Homogeneous moderate standards,F: Female,2013,1.2273411750793457,,PCNT: %,,,,,,,,DHS VI,,,,,,_T: Total
UNICEF:GLOBAL_DATAFLOW(1.0): Cross-sector indicators,NAM: Namibia,PV_CHLD_DPRV-AVG-HS: Average number of deprivations suffered per child. Homogeneous moderate standards,M: Male,2013,1.2703224420547485,,PCNT: %,,,,,,,,DHS VI,,,,,,_T: Total
UNICEF:GLOBAL_DATAFLOW(1.0): Cross-sector indicators,NAM: Namibia,PV_CHLD_DPRV-AVG-HS: Average number of deprivations suffered per child. Homogeneous moderate standards,_T: Total,2013,1.2486954927444458,,PCNT: %,,,,,,,,DHS VI,,,,,,_T: Total
UNICEF:GLOBAL_DATAFLOW(1.0): Cross-sector indicators,NPL: Nepal,PV_CHLD_DPRV-AVG-HS: Average number of deprivations suffered per child. Homogeneous moderate standards,F: Female,2016,0.8517664074897766,,PCNT: %,,,,,,,,DHS VII,,,,,,_T: Total
UNICEF:GLOBAL_DATAFLOW(1.0): Cross-sector indicators,NPL: Nepal,PV_CHLD_DPRV-AVG-HS: Average number of deprivations suffered per child. Homogeneous moderate standards,M: Male,2016,0.8012325167655945,,PCNT: %,,,,,,,,DHS VII,,,,,,_T: Total
UNICEF:GLOBAL_DATAFLOW(1.0): Cross-sector indicators,NPL: Nepal,PV_CHLD_DPRV-AVG-HS: Average number of deprivations suffered per child. Homogeneous moderate standards,_T: Total,2016,0.8264201283454895,,PCNT: %,,,,,,,,DHS VII,,,,,,_T: Total
UNICEF:GLOBAL_DATAFLOW(1.0): Cross-sector indicators,NER: Niger,PV_CHLD_DPRV-AVG-HS: Average number of deprivations suffered per child. Homogeneous moderate standards,F: Female,2012,2.340409994125366,,PCNT: %,,,,,,,,DHS VI,,,,,,_T: Total
UNICEF:GLOBAL_DATAFLOW(1.0): Cross-sector indicators,NER: Niger,PV_CHLD_DPRV-AVG-HS: Average number of deprivations suffered per child. Homogeneous moderate standards,M: Male,2012,2.3377575874328613,,PCNT: %,,,,,,,,DHS VI,,,,,,_T: Total
UNICEF:GLOBAL_DATAFLOW(1.0): Cross-sector indicators,NER: Niger,PV_CHLD_DPRV-AVG-HS: Average number of deprivations suffered per child. Homogeneous moderate standards,_T: Total,2012,2.339057445526123,,PCNT: %,,,,,,,,DHS VI,,,,,,_T: Total
UNICEF:GLOBAL_DATAFLOW(1.0): Cross-sector indicators,NGA: Nigeria,PV_CHLD_DPRV-AVG-HS: Average number of deprivations suffered per child. Homogeneous moderate standards,F: Female,2018,1.6055182218551636,,PCNT: %,,,,,,,,DHS-VII,,,,,,_T: Total
UNICEF:GLOBAL_DATAFLOW(1.0): Cross-sector indicators,NGA: Nigeria,PV_CHLD_DPRV-AVG-HS: Average number of deprivations suffered per child. Homogeneous moderate standards,M: Male,2018,1.605028510093689,,PCNT: %,,,,,,,,DHS-VII,,,,,,_T: Total
UNICEF:GLOBAL_DATAFLOW(1.0): Cross-sector indicators,NGA: Nigeria,PV_CHLD_DPRV-AVG-HS: Average number of deprivations suffered per child. Homogeneous moderate standards,_T: Total,2018,1.6052700281143188,,PCNT: %,,,,,,,,DHS-VII,,,,,,_T: Total
UNICEF:GLOBAL_DATAFLOW(1.0): Cross-sector indicators,PAK: Pakistan,PV_CHLD_DPRV-AVG-HS: Average number of deprivations suffered per child. Homogeneous moderate standards,F: Female,2017,1.370071291923523,,PCNT: %,,,,,,,,DHS VII,,,,,,_T: Total
UNICEF:GLOBAL_DATAFLOW(1.0): Cross-sector indicators,PAK: Pakistan,PV_CHLD_DPRV-AVG-HS: Average number of deprivations suffered per child. Homogeneous moderate standards,M: Male,2017,1.2950258255004883,,PCNT: %,,,,,,,,DHS VII,,,,,,_T: Total
UNICEF:GLOBAL_DATAFLOW(1.0): Cross-sector indicators,PAK: Pakistan,PV_CHLD_DPRV-AVG-HS: Average number of deprivations suffered per child. Homogeneous moderate standards,_T: Total,2017,1.3325762748718262,,PCNT: %,,,,,,,,DHS VII,,,,,,_T: Total
UNICEF:GLOBAL_DATAFLOW(1.0): Cross-sector indicators,PNG: Papua New Guinea,PV_CHLD_DPRV-AVG-HS: Average number of deprivations suffered per child. Homogeneous moderate standards,F: Female,2016,2.1270952224731445,,PCNT: %,,,,,,,,DHS VII,,,,,,_T: Total
UNICEF:GLOBAL_DATAFLOW(1.0): Cross-sector indicators,PNG: Papua New Guinea,PV_CHLD_DPRV-AVG-HS: Average number of deprivations suffered per child. Homogeneous moderate standards,M: Male,2016,2.1592392921447754,,PCNT: %,,,,,,,,DHS VII,,,,,,_T: Total
UNICEF:GLOBAL_DATAFLOW(1.0): Cross-sector indicators,PNG: Papua New Guinea,PV_CHLD_DPRV-AVG-HS: Average number of deprivations suffered per child. Homogeneous moderate standards,_T: Total,2016,2.1440374851226807,,PCNT: %,,,,,,,,DHS VII,,,,,,_T: Total
UNICEF:GLOBAL_DATAFLOW(1.0): Cross-sector indicators,PRY: Paraguay,PV_CHLD_DPRV-AVG-HS: Average number of deprivations suffered per child. Homogeneous moderate standards,F: Female,2016,0.696588397026062,,PCNT: %,,,,,,,,MICS5,,,,,,_T: Total
UNICEF:GLOBAL_DATAFLOW(1.0): Cross-sector indicators,PRY: Paraguay,PV_CHLD_DPRV-AVG-HS: Average number of deprivations suffered per child. Homogeneous moderate standards,M: Male,2016,0.6924003958702087,,PCNT: %,,,,,,,,MICS5,,,,,,_T: Total
UNICEF:GLOBAL_DATAFLOW(1.0): Cross-sector indicators,PRY: Paraguay,PV_CHLD_DPRV-AVG-HS: Average number of deprivations suffered per child. Homogeneous moderate standards,_T: Total,2016,0.6944416761398315,,PCNT: %,,,,,,,,MICS5,,,,,,_T: Total
UNICEF:GLOBAL_DATAFLOW(1.0): Cross-sector indicators,PER: Peru,PV_CHLD_DPRV-AVG-HS: Average number of deprivations suffered per child. Homogeneous moderate standards,F: Female,2012,0.782410740852356,,PCNT: %,,,,,,,,DHS-VI,,,,,,_T: Total
UNICEF:GLOBAL_DATAFLOW(1.0): Cross-sector indicators,PER: Peru,PV_CHLD_DPRV-AVG-HS: Average number of deprivations suffered per child. Homogeneous moderate standards,M: Male,2012,0.7612116932868958,,PCNT: %,,,,,,,,DHS-VI,,,,,,_T: Total
UNICEF:GLOBAL_DATAFLOW(1.0): Cross-sector indicators,PER: Peru,PV_CHLD_DPRV-AVG-HS: Average number of deprivations suffered per child. Homogeneous moderate standards,_T: Total,2012,0.7715210318565369,,PCNT: %,,,,,,,,DHS-VI,,,,,,_T: Total
UNICEF:GLOBAL_DATAFLOW(1.0): Cross-sector indicators,RWA: Rwanda,PV_CHLD_DPRV-AVG-HS: Average number of deprivations suffered per child. Homogeneous moderate standards,F: Female,2014,1.203997254371643,,PCNT: %,,,,,,,,DHS VII,,,,,,_T: Total
UNICEF:GLOBAL_DATAFLOW(1.0): Cross-sector indicators,RWA: Rwanda,PV_CHLD_DPRV-AVG-HS: Average number of deprivations suffered per child. Homogeneous moderate standards,M: Male,2014,1.233912467956543,,PCNT: %,,,,,,,,DHS VII,,,,,,_T: Total
UNICEF:GLOBAL_DATAFLOW(1.0): Cross-sector indicators,RWA: Rwanda,PV_CHLD_DPRV-AVG-HS: Average number of deprivations suffered per child. Homogeneous moderate standards,_T: Total,2014,1.2189385890960693,,PCNT: %,,,,,,,,DHS VII,,,,,,_T: Total
UNICEF:GLOBAL_DATAFLOW(1.0): Cross-sector indicators,STP: Sao Tome and Principe,PV_CHLD_DPRV-AVG-HS: Average number of deprivations suffered per child. Homogeneous moderate standards,F: Female,2014,1.1152595281600952,,PCNT: %,,,,,,,,MICS 5,,,,,,_T: Total
UNICEF:GLOBAL_DATAFLOW(1.0): Cross-sector indicators,STP: Sao Tome and Principe,PV_CHLD_DPRV-AVG-HS: Average number of deprivations suffered per child. Homogeneous moderate standards,M: Male,2014,1.1578041315078735,,PCNT: %,,,,,,,,MICS 5,,,,,,_T: Total
UNICEF:GLOBAL_DATAFLOW(1.0): Cross-sector indicators,STP: Sao Tome and Principe,PV_CHLD_DPRV-AVG-HS: Average number of deprivations suffered per child. Homogeneous moderate standards,_T: Total,2014,1.1362224817276,,PCNT: %,,,,,,,,MICS 5,,,,,,_T: Total
UNICEF:GLOBAL_DATAFLOW(1.0): Cross-sector indicators,SEN: Senegal,PV_CHLD_DPRV-AVG-HS: Average number of deprivations suffered per child. Homogeneous moderate standards,F: Female,2017,1.3534820079803467,,PCNT: %,,,,,,,,DHS VII,,,,,,_T: Total
UNICEF:GLOBAL_DATAFLOW(1.0): Cross-sector indicators,SEN: Senegal,PV_CHLD_DPRV-AVG-HS: Average number of deprivations suffered per child. Homogeneous moderate standards,M: Male,2017,1.3844983577728271,,PCNT: %,,,,,,,,DHS VII,,,,,,_T: Total
UNICEF:GLOBAL_DATAFLOW(1.0): Cross-sector indicators,SEN: Senegal,PV_CHLD_DPRV-AVG-HS: Average number of deprivations suffered per child. Homogeneous moderate standards,_T: Total,2017,1.3688430786132812,,PCNT: %,,,,,,,,DHS VII,,,,,,_T: Total
UNICEF:GLOBAL_DATAFLOW(1.0): Cross-sector indicators,SLE: Sierra Leone,PV_CHLD_DPRV-AVG-HS: Average number of deprivations suffered per child. Homogeneous moderate standards,F: Female,2017,1.514336109161377,,PCNT: %,,,,,,,,MICS6,,,,,,_T: Total
UNICEF:GLOBAL_DATAFLOW(1.0): Cross-sector indicators,SLE: Sierra Leone,PV_CHLD_DPRV-AVG-HS: Average number of deprivations suffered per child. Homogeneous moderate standards,M: Male,2017,1.5475975275039673,,PCNT: %,,,,,,,,MICS6,,,,,,_T: Total
UNICEF:GLOBAL_DATAFLOW(1.0): Cross-sector indicators,SLE: Sierra Leone,PV_CHLD_DPRV-AVG-HS: Average number of deprivations suffered per child. Homogeneous moderate standards,_T: Total,2017,1.5309969186782837,,PCNT: %,,,,,,,,MICS6,,,,,,_T: Total
UNICEF:GLOBAL_DATAFLOW(1.0): Cross-sector indicators,ZAF: South Africa,PV_CHLD_DPRV-AVG-HS: Average number of deprivations suffered per child. Homogeneous moderate standards,F: Female,2016,0.8426216244697571,,PCNT: %,,,,,,,,DHS VII,,,,,,_T: Total
UNICEF:GLOBAL_DATAFLOW(1.0): Cross-sector indicators,ZAF: South Africa,PV_CHLD_DPRV-AVG-HS: Average number of deprivations suffered per child. Homogeneous moderate standards,M: Male,2016,0.8453559279441833,,PCNT: %,,,,,,,,DHS VII,,,,,,_T: Total
UNICEF:GLOBAL_DATAFLOW(1.0): Cross-sector indicators,ZAF: South Africa,PV_CHLD_DPRV-AVG-HS: Average number of deprivations suffered per child. Homogeneous moderate standards,_T: Total,2016,0.8440228700637817,,PCNT: %,,,,,,,,DHS VII,,,,,,_T: Total
UNICEF:GLOBAL_DATAFLOW(1.0): Cross-sector indicators,SUR: Suriname,PV_CHLD_DPRV-AVG-HS: Average number of deprivations suffered per child. Homogeneous moderate standards,F: Female,2018,0.606655478477478,,PCNT: %,,,,,,,,MICS6,,,,,,_T: Total
UNICEF:GLOBAL_DATAFLOW(1.0): Cross-sector indicators,SUR: Suriname,PV_CHLD_DPRV-AVG-HS: Average number of deprivations suffered per child. Homogeneous moderate standards,M: Male,2018,0.6138195991516113,,PCNT: %,,,,,,,,MICS6,,,,,,_T: Total
UNICEF:GLOBAL_DATAFLOW(1.0): Cross-sector indicators,SUR: Suriname,PV_CHLD_DPRV-AVG-HS: Average number of deprivations suffered per child. Homogeneous moderate standards,_T: Total,2018,0.6103253960609436,,PCNT: %,,,,,,,,MICS6,,,,,,_T: Total
UNICEF:GLOBAL_DATAFLOW(1.0): Cross-sector indicators,TJK: Tajikistan,PV_CHLD_DPRV-AVG-HS: Average number of deprivations suffered per child. Homogeneous moderate standards,F: Female,2017,0.9182873964309692,,PCNT: %,,,,,,,,DHS VII,,,,,,_T: Total
UNICEF:GLOBAL_DATAFLOW(1.0): Cross-sector indicators,TJK: Tajikistan,PV_CHLD_DPRV-AVG-HS: Average number of deprivations suffered per child. Homogeneous moderate standards,M: Male,2017,0.8768277764320374,,PCNT: %,,,,,,,,DHS VII,,,,,,_T: Total
UNICEF:GLOBAL_DATAFLOW(1.0): Cross-sector indicators,TJK: Tajikistan,PV_CHLD_DPRV-AVG-HS: Average number of deprivations suffered per child. Homogeneous moderate standards,_T: Total,2017,0.8970732092857361,,PCNT: %,,,,,,,,DHS VII,,,,,,_T: Total
UNICEF:GLOBAL_DATAFLOW(1.0): Cross-sector indicators,THA: Thailand,PV_CHLD_DPRV-AVG-HS: Average number of deprivations suffered per child. Homogeneous moderate standards,F: Female,2015,0.417975515127182,,PCNT: %,,,,,,,,MICS 5,,,,,,_T: Total
UNICEF:GLOBAL_DATAFLOW(1.0): Cross-sector indicators,THA: Thailand,PV_CHLD_DPRV-AVG-HS: Average number of deprivations suffered per child. Homogeneous moderate standards,M: Male,2015,0.45967182517051697,,PCNT: %,,,,,,,,MICS 5,,,,,,_T: Total
UNICEF:GLOBAL_DATAFLOW(1.0): Cross-sector indicators,THA: Thailand,PV_CHLD_DPRV-AVG-HS: Average number of deprivations suffered per child. Homogeneous moderate standards,_T: Total,2015,0.43921390175819397,,PCNT: %,,,,,,,,MICS 5,,,,,,_T: Total
UNICEF:GLOBAL_DATAFLOW(1.0): Cross-sector indicators,TLS: Timor-Leste,PV_CHLD_DPRV-AVG-HS: Average number of deprivations suffered per child. Homogeneous moderate standards,F: Female,2016,1.0906492471694946,,PCNT: %,,,,,,,,DHS-VII,,,,,,_T: Total
UNICEF:GLOBAL_DATAFLOW(1.0): Cross-sector indicators,TLS: Timor-Leste,PV_CHLD_DPRV-AVG-HS: Average number of deprivations suffered per child. Homogeneous moderate standards,M: Male,2016,1.108601450920105,,PCNT: %,,,,,,,,DHS-VII,,,,,,_T: Total
UNICEF:GLOBAL_DATAFLOW(1.0): Cross-sector indicators,TLS: Timor-Leste,PV_CHLD_DPRV-AVG-HS: Average number of deprivations suffered per child. Homogeneous moderate standards,_T: Total,2016,1.0999081134796143,,PCNT: %,,,,,,,,DHS-VII,,,,,,_T: Total
UNICEF:GLOBAL_DATAFLOW(1.0): Cross-sector indicators,TGO: Togo,PV_CHLD_DPRV-AVG-HS: Average number of deprivations suffered per child. Homogeneous moderate standards,F: Female,2014,1.8022291660308838,,PCNT: %,,,,,,,,DHS VI,,,,,,_T: Total
UNICEF:GLOBAL_DATAFLOW(1.0): Cross-sector indicators,TGO: Togo,PV_CHLD_DPRV-AVG-HS: Average number of deprivations suffered per child. Homogeneous moderate standards,M: Male,2014,1.7873610258102417,,PCNT: %,,,,,,,,DHS VI,,,,,,_T: Total
UNICEF:GLOBAL_DATAFLOW(1.0): Cross-sector indicators,TGO: Togo,PV_CHLD_DPRV-AVG-HS: Average number of deprivations suffered per child. Homogeneous moderate standards,_T: Total,2014,1.7946574687957764,,PCNT: %,,,,,,,,DHS VI,,,,,,_T: Total
UNICEF:GLOBAL_DATAFLOW(1.0): Cross-sector indicators,TUN: Tunisia,PV_CHLD_DPRV-AVG-HS: Average number of deprivations suffered per child. Homogeneous moderate standards,F: Female,2018,0.40768420696258545,,PCNT: %,,,,,,,,MICS6,,,,,,_T: Total
UNICEF:GLOBAL_DATAFLOW(1.0): Cross-sector indicators,TUN: Tunisia,PV_CHLD_DPRV-AVG-HS: Average number of deprivations suffered per child. Homogeneous moderate standards,M: Male,2018,0.4203144311904907,,PCNT: %,,,,,,,,MICS6,,,,,,_T: Total
UNICEF:GLOBAL_DATAFLOW(1.0): Cross-sector indicators,TUN: Tunisia,PV_CHLD_DPRV-AVG-HS: Average number of deprivations suffered per child. Homogeneous moderate standards,_T: Total,2018,0.4141342043876648,,PCNT: %,,,,,,,,MICS6,,,,,,_T: Total
UNICEF:GLOBAL_DATAFLOW(1.0): Cross-sector indicators,TKM: Turkmenistan,PV_CHLD_DPRV-AVG-HS: Average number of deprivations suffered per child. Homogeneous moderate standards,F: Female,2015,0.3901808559894562,,PCNT: %,,,,,,,,MICS 5,,,,,,_T: Total
UNICEF:GLOBAL_DATAFLOW(1.0): Cross-sector indicators,TKM: Turkmenistan,PV_CHLD_DPRV-AVG-HS: Average number of deprivations suffered per child. Homogeneous moderate standards,M: Male,2015,0.37923890352249146,,PCNT: %,,,,,,,,MICS 5,,,,,,_T: Total
UNICEF:GLOBAL_DATAFLOW(1.0): Cross-sector indicators,TKM: Turkmenistan,PV_CHLD_DPRV-AVG-HS: Average number of deprivations suffered per child. Homogeneous moderate standards,_T: Total,2015,0.3845421373844147,,PCNT: %,,,,,,,,MICS 5,,,,,,_T: Total
UNICEF:GLOBAL_DATAFLOW(1.0): Cross-sector indicators,UGA: Uganda,PV_CHLD_DPRV-AVG-HS: Average number of deprivations suffered per child. Homogeneous moderate standards,F: Female,2016,1.673856258392334,,PCNT: %,,,,,,,,DHS VII,,,,,,_T: Total
UNICEF:GLOBAL_DATAFLOW(1.0): Cross-sector indicators,UGA: Uganda,PV_CHLD_DPRV-AVG-HS: Average number of deprivations suffered per child. Homogeneous moderate standards,M: Male,2016,1.6854147911071777,,PCNT: %,,,,,,,,DHS VII,,,,,,_T: Total
UNICEF:GLOBAL_DATAFLOW(1.0): Cross-sector indicators,UGA: Uganda,PV_CHLD_DPRV-AVG-HS: Average number of deprivations suffered per child. Homogeneous moderate standards,_T: Total,2016,1.679657220840454,,PCNT: %,,,,,,,,DHS VII,,,,,,_T: Total
UNICEF:GLOBAL_DATAFLOW(1.0): Cross-sector indicators,TZA: United Republic of Tanzania,PV_CHLD_DPRV-AVG-HS: Average number of deprivations suffered per child. Homogeneous moderate standards,F: Female,2015,1.9144624471664429,,PCNT: %,,,,,,,,DHS-VII,,,,,,_T: Total
UNICEF:GLOBAL_DATAFLOW(1.0): Cross-sector indicators,TZA: United Republic of Tanzania,PV_CHLD_DPRV-AVG-HS: Average number of deprivations suffered per child. Homogeneous moderate standards,M: Male,2015,1.9851243495941162,,PCNT: %,,,,,,,,DHS-VII,,,,,,_T: Total
UNICEF:GLOBAL_DATAFLOW(1.0): Cross-sector indicators,TZA: United Republic of Tanzania,PV_CHLD_DPRV-AVG-HS: Average number of deprivations suffered per child. Homogeneous moderate standards,_T: Total,2015,1.9499177932739258,,PCNT: %,,,,,,,,DHS-VII,,,,,,_T: Total
UNICEF:GLOBAL_DATAFLOW(1.0): Cross-sector indicators,YEM: Yemen,PV_CHLD_DPRV-AVG-HS: Average number of deprivations suffered per child. Homogeneous moderate standards,F: Female,2013,1.5467116832733154,,PCNT: %,,,,,,,,DHS-VI,,,,,,_T: Total
UNICEF:GLOBAL_DATAFLOW(1.0): Cross-sector indicators,YEM: Yemen,PV_CHLD_DPRV-AVG-HS: Average number of deprivations suffered per child. Homogeneous moderate standards,M: Male,2013,1.4653174877166748,,PCNT: %,,,,,,,,DHS-VI,,,,,,_T: Total
UNICEF:GLOBAL_DATAFLOW(1.0): Cross-sector indicators,YEM: Yemen,PV_CHLD_DPRV-AVG-HS: Average number of deprivations suffered per child. Homogeneous moderate standards,_T: Total,2013,1.5052324533462524,,PCNT: %,,,,,,,,DHS-VI,,,,,,_T: Total
UNICEF:GLOBAL_DATAFLOW(1.0): Cross-sector indicators,ZMB: Zambia,PV_CHLD_DPRV-AVG-HS: Average number of deprivations suffered per child. Homogeneous moderate standards,F: Female,2018,1.6614090204238892,,PCNT: %,,,,,,,,DHS VII,,,,,,_T: Total
UNICEF:GLOBAL_DATAFLOW(1.0): Cross-sector indicators,ZMB: Zambia,PV_CHLD_DPRV-AVG-HS: Average number of deprivations suffered per child. Homogeneous moderate standards,M: Male,2018,1.7057915925979614,,PCNT: %,,,,,,,,DHS VII,,,,,,_T: Total
UNICEF:GLOBAL_DATAFLOW(1.0): Cross-sector indicators,ZMB: Zambia,PV_CHLD_DPRV-AVG-HS: Average number of deprivations suffered per child. Homogeneous moderate standards,_T: Total,2018,1.6833772659301758,,PCNT: %,,,,,,,,DHS VII,,,,,,_T: Total
UNICEF:GLOBAL_DATAFLOW(1.0): Cross-sector indicators,ZWE: Zimbabwe,PV_CHLD_DPRV-AVG-HS: Average number of deprivations suffered per child. Homogeneous moderate standards,F: Female,2015,1.2814483642578125,,PCNT: %,,,,,,,,DHS-VII,,,,,,_T: Total
UNICEF:GLOBAL_DATAFLOW(1.0): Cross-sector indicators,ZWE: Zimbabwe,PV_CHLD_DPRV-AVG-HS: Average number of deprivations suffered per child. Homogeneous moderate standards,M: Male,2015,1.3139082193374634,,PCNT: %,,,,,,,,DHS-VII,,,,,,_T: Total
UNICEF:GLOBAL_DATAFLOW(1.0): Cross-sector indicators,ZWE: Zimbabwe,PV_CHLD_DPRV-AVG-HS: Average number of deprivations suffered per child. Homogeneous moderate standards,_T: Total,2015,1.2977303266525269,,PCNT: %,,,,,,,,DHS-VII,,,,,,_T: Total
